"job_id";"sequence_number";"sequence_identifier";"full_name";"sequence_score";"bp_score";"cutoff_head";"cutoff_tail";"identity";"quality";"startpos";"stoppos";"ecolipos";"bps";"gene_bps";"turn";"lca_tax_embl_ebi_ena";"lca_tax_gtdb";"lca_tax_ltp";"lca_tax_rdp";"lca_tax_slv"
"828397";"1";"Otu1001";"None";"0.993477";"101";"0";"0";"92.9095";"99";"31188";"41784";"986";"407";"407";"none";"Bacteria;";"Unclassified;";"Unclassified;";"Bacteria;unclassified_Bacteria;";"Bacteria;Gemmatimonadota;S0134 terrestrial group;"
"828397";"2";"Otu1002";"None";"0.879613";"97";"0";"0";"88.9163";"87";"31188";"41784";"986";"405";"405";"none";"Unclassified;";"Unclassified;";"Unclassified;";"Unclassified;";"Unclassified;"
"828397";"3";"Otu1003";"None";"0.980482";"98";"0";"0";"86.4865";"98";"31188";"41784";"986";"405";"405";"none";"Unclassified;";"Unclassified;";"Unclassified;";"Unclassified;";"Unclassified;"
"828397";"4";"Otu1004";"None";"0.994082";"100";"0";"0";"98.977";"99";"31188";"41784";"986";"390";"390";"none";"Eukaryota;Viridiplantae;";"Unclassified;";"Unclassified;";"Bacteria;Cyanobacteria/Chloroplast;Chloroplast;Chloroplast;Chlorophyta;";"Bacteria;Cyanobacteria;Cyanobacteriia;Chloroplast;"
"828397";"5";"Otu1005";"None";"0.99466";"100";"0";"0";"89.801";"99";"31188";"41784";"986";"402";"402";"none";"Unclassified;";"Unclassified;";"Unclassified;";"Unclassified;";"Unclassified;"
"828397";"6";"Otu1006";"None";"0.91122";"66";"0";"0";"85.8612";"91";"32469";"41784";"1005";"368";"368";"none";"Unclassified;";"Unclassified;";"Unclassified;";"Unclassified;";"Unclassified;"
"828397";"7";"Otu1007";"None";"0.916082";"88";"0";"0";"85.3234";"91";"31188";"41784";"986";"399";"399";"none";"Unclassified;";"Unclassified;";"Unclassified;";"Unclassified;";"Unclassified;"
"828397";"8";"Otu1008";"None";"0.989147";"96";"0";"0";"86.618";"98";"31188";"41784";"986";"409";"409";"none";"Unclassified;";"Unclassified;";"Unclassified;";"Unclassified;";"Unclassified;"
"828397";"9";"Otu1009";"None";"0.996951";"97";"0";"0";"97.5669";"99";"31188";"41784";"986";"410";"410";"none";"Unclassified;";"Unclassified;";"Unclassified;";"Bacteria;""Verrucomicrobia"";Spartobacteria;Spartobacteria_genera_incertae_sedis;";"Bacteria;Verrucomicrobiota;Verrucomicrobiae;Chthoniobacterales;Chthoniobacteraceae;Chthoniobacter;"
"828397";"10";"Otu1010";"None";"0.883482";"96";"0";"0";"90.5941";"88";"31188";"41784";"986";"404";"404";"none";"Unclassified;";"Unclassified;";"Unclassified;";"Unclassified;";"Unclassified;"
"828397";"11";"Otu1011";"None";"0.994967";"99";"0";"0";"99.005";"99";"31188";"41784";"986";"402";"402";"none";"Unclassified;";"Unclassified;";"Unclassified;";"Bacteria;""Bacteroidetes"";""Bacteroidia"";""Bacteroidales"";""Prevotellaceae"";";"Bacteria;Bacteroidota;Bacteroidia;Bacteroidales;Prevotellaceae;Alloprevotella;"
"828397";"12";"Otu1012";"None";"0.976467";"88";"0";"0";"85.8537";"97";"31188";"41784";"986";"403";"403";"none";"Unclassified;";"Unclassified;";"Unclassified;";"Unclassified;";"Unclassified;"
"828397";"13";"Otu1013";"None";"0.954814";"98";"0";"0";"92.6702";"95";"31188";"41784";"986";"381";"381";"none";"Unclassified;";"Unclassified;";"Unclassified;";"Unclassified;";"Unclassified;"
"828397";"14";"Otu1014";"None";"0.934818";"94";"0";"0";"91.3151";"93";"31188";"41784";"986";"401";"401";"none";"Unclassified;";"Unclassified;";"Unclassified;";"Unclassified;";"Unclassified;"
"828397";"15";"Otu1015";"None";"0.577187";"17";"0";"0";"35.2941";"57";"34443";"43101";"1074";"419";"419";"none";"Unclassified;";"Unclassified;";"Unclassified;";"Unclassified;";"Unclassified;"
"828397";"16";"Otu1016";"None";"0.533939";"35";"0";"0";"43.8596";"53";"1082";"8568";"45";"420";"420";"none";"Unclassified;";"Unclassified;";"Unclassified;";"Unclassified;";"Unclassified;"
"828397";"17";"Otu1017";"None";"0.571578";"37";"0";"0";"38.189";"57";"6231";"25297";"326";"450";"450";"none";"Unclassified;";"Unclassified;";"Unclassified;";"Unclassified;";"Unclassified;"
"828397";"18";"Otu1018";"None";"0.978118";"100";"0";"0";"98.995";"97";"31188";"41784";"986";"407";"407";"none";"Bacteria;Proteobacteria;Alphaproteobacteria;Rhizobiales;Rhizobiaceae;Sinorhizobium/Ensifer group;";"Unclassified;";"Unclassified;";"Bacteria;""Proteobacteria"";Alphaproteobacteria;Rhizobiales;Rhizobiaceae;Ensifer;";"Bacteria;Proteobacteria;Alphaproteobacteria;Rhizobiales;Rhizobiaceae;Ensifer;"
"828397";"19";"Otu1019";"None";"0.975667";"98";"0";"0";"89.9263";"97";"31189";"41784";"986";"406";"406";"none";"Unclassified;";"Unclassified;";"Unclassified;";"Unclassified;";"Unclassified;"
"828397";"20";"Otu1020";"None";"0.503306";"31";"0";"0";"38.4306";"50";"5291";"22067";"242";"452";"452";"reversed and complemented";"Unclassified;";"Unclassified;";"Unclassified;";"Unclassified;";"Unclassified;"
"828397";"21";"Otu1021";"None";"0.989715";"97";"0";"0";"93.5802";"98";"31188";"41784";"986";"401";"401";"none";"Bacteria;";"Unclassified;";"Unclassified;";"Bacteria;Firmicutes;Clostridia;Clostridiales;Clostridiales_Incertae Sedis XIII;Anaerovorax;";"Bacteria;Firmicutes;Clostridia;Peptostreptococcales-Tissierellales;Anaerovoracaceae;Anaerovorax;"
"828397";"22";"Otu1022";"None";"0.989367";"99";"0";"0";"93.883";"98";"31188";"41784";"986";"405";"405";"none";"Bacteria;environmental samples;";"Unclassified;";"Unclassified;";"Bacteria;""Proteobacteria"";Gammaproteobacteria;Legionellales;Coxiellaceae;Coxiella;";"Bacteria;Proteobacteria;Gammaproteobacteria;Coxiellales;Coxiellaceae;Coxiella;"
"828397";"23";"Otu1023";"None";"0.954111";"93";"0";"0";"93.7811";"95";"31188";"41784";"986";"401";"401";"none";"Unclassified;";"Unclassified;";"Unclassified;";"Unclassified;";"Unclassified;"
"828397";"24";"Otu1024";"None";"0.991008";"98";"0";"0";"88.4236";"99";"31188";"41784";"986";"405";"405";"none";"Unclassified;";"Unclassified;";"Unclassified;";"Unclassified;";"Unclassified;"
"828397";"25";"Otu1025";"None";"0.931476";"92";"0";"0";"91.6049";"93";"31188";"41784";"986";"401";"401";"none";"Unclassified;";"Unclassified;";"Unclassified;";"Unclassified;";"Unclassified;"
"828397";"26";"Otu1026";"None";"0.907453";"96";"0";"0";"92.402";"90";"31183";"41784";"983";"403";"403";"none";"Unclassified;";"Unclassified;";"Unclassified;";"Unclassified;";"Unclassified;"
"828397";"27";"Otu1027";"None";"0.959184";"101";"0";"0";"96.0396";"95";"31188";"41784";"986";"403";"403";"none";"Unclassified;";"Unclassified;";"Unclassified;";"Bacteria;""Actinobacteria"";Actinobacteria;Actinobacteridae;Actinomycetales;";"Bacteria;Actinobacteriota;Actinobacteria;PeM15;"
"828397";"28";"Otu1028";"None";"0.992737";"90";"0";"0";"89.3976";"99";"31188";"41784";"986";"408";"408";"none";"Unclassified;";"Unclassified;";"Unclassified;";"Unclassified;";"Unclassified;"
"828397";"29";"Otu1029";"None";"0.994194";"81";"0";"0";"98.2801";"99";"6427";"23446";"358";"405";"405";"none";"Bacteria;environmental samples;";"Unclassified;";"Unclassified;";"Bacteria;Firmicutes;Clostridia;Clostridiales;";"Bacteria;Firmicutes;Clostridia;Clostridia UCG-014;"
"828397";"30";"Otu1030";"None";"0.98099";"96";"0";"0";"92.8571";"98";"31188";"41784";"986";"403";"403";"none";"Bacteria;environmental samples;";"Unclassified;";"Unclassified;";"Bacteria;""Verrucomicrobia"";Spartobacteria;";"Bacteria;Verrucomicrobiota;Verrucomicrobiae;Chthoniobacterales;Terrimicrobiaceae;Terrimicrobium;"
"828397";"31";"Otu1031";"None";"0.953199";"92";"0";"0";"89.4349";"95";"31188";"41784";"986";"405";"405";"none";"Unclassified;";"Unclassified;";"Unclassified;";"Unclassified;";"Unclassified;"
"828397";"32";"Otu1032";"None";"0.876629";"89";"0";"0";"87.1921";"87";"31188";"41784";"986";"404";"404";"none";"Unclassified;";"Unclassified;";"Unclassified;";"Unclassified;";"Unclassified;"
"828397";"33";"Otu1033";"None";"0.99402";"97";"0";"0";"97.284";"99";"31188";"41784";"986";"405";"405";"none";"Bacteria;";"Unclassified;";"Unclassified;";"Bacteria;""Proteobacteria"";Gammaproteobacteria;unclassified_Gammaproteobacteria;";"Bacteria;Proteobacteria;Gammaproteobacteria;Diplorickettsiales;Diplorickettsiaceae;uncultured;"
"828397";"34";"Otu1034";"None";"0.981032";"97";"0";"0";"94.3765";"98";"31188";"41784";"986";"409";"409";"none";"Unclassified;";"Unclassified;";"Unclassified;";"Unclassified;";"Unclassified;"
"828397";"35";"Otu1035";"None";"0.906228";"97";"0";"0";"91.8317";"90";"31188";"41784";"986";"404";"404";"none";"Unclassified;";"Unclassified;";"Unclassified;";"Unclassified;";"Unclassified;"
"828397";"36";"Otu1036";"None";"0.979075";"99";"0";"0";"96.4384";"97";"31188";"41784";"986";"405";"405";"none";"Unclassified;";"d__Bacteria;p__Proteobacteria;c__Gammaproteobacteria;o__Chromatiales;f__Chromatiaceae;g__Thiorhodovibrio;s__Thiorhodovibrio sp000228725;";"Unclassified;";"Bacteria;""Proteobacteria"";Gammaproteobacteria;Chromatiales;Chromatiaceae;unclassified_Chromatiaceae;";"Bacteria;Proteobacteria;Gammaproteobacteria;"
"828397";"37";"Otu1037";"None";"0";"85";"0";"0";"100";"100";"6427";"23446";"358";"431";"431";"none";"Unclassified;";"Unclassified;";"Unclassified;";"Bacteria;Firmicutes;Negativicutes;Selenomonadales;Veillonellaceae;Veillonella;";"Bacteria;Firmicutes;Negativicutes;Veillonellales-Selenomonadales;Veillonellaceae;Veillonella;"
"828397";"38";"Otu1038";"None";"0.983717";"95";"0";"0";"86.3415";"98";"31188";"41784";"986";"405";"405";"none";"Bacteria;environmental samples;";"Unclassified;";"Unclassified;";"Bacteria;""Proteobacteria"";Deltaproteobacteria;unclassified_Deltaproteobacteria;";"Bacteria;Dependentiae;Babeliae;Babeliales;Babeliaceae;"
"828397";"39";"Otu1039";"None";"0.995442";"93";"0";"0";"86.8293";"99";"31188";"41784";"986";"407";"407";"none";"Unclassified;";"Unclassified;";"Unclassified;";"Unclassified;";"Unclassified;"
"828397";"40";"Otu1040";"None";"0";"96";"0";"0";"100";"100";"31188";"41784";"986";"402";"402";"none";"Bacteria;";"Unclassified;";"Unclassified;";"Bacteria;""Bacteroidetes"";Flavobacteriia;""Flavobacteriales"";Flavobacteriaceae;Capnocytophaga;";"Bacteria;Bacteroidota;Bacteroidia;Flavobacteriales;Flavobacteriaceae;Capnocytophaga;"
"828397";"41";"Otu1041";"None";"0.343319";"36";"0";"0";"47.0711";"34";"2085";"16294";"138";"446";"446";"none";"Unclassified;";"Unclassified;";"Unclassified;";"Unclassified;";"Unclassified;"
"828397";"42";"Otu1042";"None";"0.98732";"99";"0";"0";"94.8276";"98";"31188";"41784";"986";"405";"405";"none";"Bacteria;";"Unclassified;";"Bacteria;Proteobacteria;Gammaproteobacteria;Legionellales;Legionellaceae;Legionella;";"Bacteria;""Proteobacteria"";Gammaproteobacteria;Legionellales;Legionellaceae;Legionella;";"Bacteria;Proteobacteria;Gammaproteobacteria;Legionellales;Legionellaceae;Legionella;"
"828397";"43";"Otu1043";"None";"0.996607";"101";"0";"0";"99.0172";"99";"31188";"41784";"986";"407";"407";"none";"Bacteria;environmental samples;";"Unclassified;";"Unclassified;";"Bacteria;""Proteobacteria"";Deltaproteobacteria;Desulfobacterales;Desulfobulbaceae;";"Bacteria;Desulfobacterota;Desulfobulbia;Desulfobulbales;Desulfocapsaceae;"
"828397";"44";"Otu1044";"None";"0.552964";"39";"0";"0";"37.7778";"55";"7921";"27582";"386";"490";"490";"reversed";"Unclassified;";"Unclassified;";"Unclassified;";"Unclassified;";"Unclassified;"
"828397";"45";"Otu1045";"None";"0.825186";"84";"0";"0";"83.5749";"82";"31188";"41784";"986";"410";"410";"none";"Unclassified;";"Unclassified;";"Unclassified;";"Unclassified;";"Unclassified;"
"828397";"46";"Otu1046";"None";"0.964546";"97";"0";"0";"95.3202";"96";"31188";"41784";"986";"406";"406";"none";"Bacteria;";"Unclassified;";"Unclassified;";"Bacteria;""Proteobacteria"";Gammaproteobacteria;Xanthomonadales;Xanthomonadaceae;";"Bacteria;Proteobacteria;Gammaproteobacteria;Xanthomonadales;Xanthomonadaceae;"
"828397";"47";"Otu1047";"None";"0.956219";"97";"0";"0";"86.6995";"95";"31188";"41784";"986";"404";"404";"none";"Unclassified;";"Unclassified;";"Unclassified;";"Unclassified;";"Unclassified;"
"828397";"48";"Otu1048";"None";"0.958104";"100";"0";"0";"95.297";"95";"31188";"41784";"986";"401";"401";"none";"Bacteria;";"Unclassified;";"Bacteria;Bacteroidetes;Flavobacteriia;Flavobacteriales;Flavobacteriaceae;Vitellibacter;";"Bacteria;""Bacteroidetes"";Flavobacteriia;""Flavobacteriales"";Flavobacteriaceae;";"Bacteria;Bacteroidota;Bacteroidia;Flavobacteriales;Flavobacteriaceae;"
"828397";"49";"Otu1049";"None";"0.841486";"95";"0";"0";"90.1961";"84";"31188";"41784";"986";"404";"404";"none";"Unclassified;";"Unclassified;";"Unclassified;";"Unclassified;";"Unclassified;"
"828397";"50";"Otu1050";"None";"0.439022";"32";"0";"0";"44.2623";"43";"3144";"13861";"169";"376";"376";"none";"Unclassified;";"Unclassified;";"Unclassified;";"Unclassified;";"Unclassified;"
"828397";"51";"Otu1051";"None";"0.822585";"97";"0";"0";"88.67";"82";"31188";"41784";"986";"405";"405";"none";"Unclassified;";"Unclassified;";"Unclassified;";"Unclassified;";"Unclassified;"
"828397";"52";"Otu1052";"None";"0.996436";"99";"0";"0";"97.1795";"99";"31188";"41784";"986";"399";"399";"none";"Unclassified;";"Unclassified;";"Unclassified;";"Bacteria;""Proteobacteria"";Alphaproteobacteria;Rhizobiales;Rhodobiaceae;unclassified_Rhodobiaceae;";"Bacteria;Proteobacteria;Alphaproteobacteria;Rhizobiales;Methyloligellaceae;uncultured;"
"828397";"53";"Otu1053";"None";"0.84046";"92";"0";"0";"89.9755";"84";"31189";"41784";"986";"407";"407";"none";"Unclassified;";"Unclassified;";"Unclassified;";"Unclassified;";"Unclassified;"
"828397";"54";"Otu1054";"None";"0.865962";"78";"0";"0";"89.2601";"86";"31188";"41784";"986";"415";"415";"none";"Unclassified;";"Unclassified;";"Unclassified;";"Unclassified;";"Unclassified;"
"828397";"55";"Otu1055";"None";"0.92929";"96";"0";"0";"86.6667";"92";"31188";"41784";"986";"403";"403";"none";"Unclassified;";"Unclassified;";"Unclassified;";"Unclassified;";"Unclassified;"
"828397";"56";"Otu1056";"None";"0.992723";"100";"0";"0";"95.0617";"99";"31188";"41784";"986";"405";"405";"none";"Unclassified;";"Unclassified;";"Unclassified;";"Bacteria;""Proteobacteria"";Alphaproteobacteria;Rhizobiales;unclassified_Rhizobiales;";"Bacteria;Proteobacteria;Alphaproteobacteria;"
"828397";"57";"Otu1057";"None";"0.963842";"100";"0";"0";"89.6806";"96";"31188";"41784";"986";"405";"405";"none";"Unclassified;";"Unclassified;";"Unclassified;";"Unclassified;";"Unclassified;"
"828397";"58";"Otu1058";"None";"0.83296";"93";"0";"0";"89.4608";"83";"31188";"41784";"986";"404";"404";"none";"Unclassified;";"Unclassified;";"Unclassified;";"Unclassified;";"Unclassified;"
"828397";"59";"Otu1059";"None";"0.911744";"87";"0";"0";"85.1259";"91";"29685";"41784";"955";"401";"401";"none";"Unclassified;";"Unclassified;";"Unclassified;";"Unclassified;";"Unclassified;"
"828397";"60";"Otu1060";"None";"0.92488";"93";"0";"0";"90.3704";"92";"31186";"41784";"984";"402";"402";"none";"Unclassified;";"Unclassified;";"Unclassified;";"Unclassified;";"Unclassified;"
"828397";"61";"Otu1061";"None";"0.42119";"45";"0";"0";"43.1866";"42";"7694";"26813";"373";"411";"411";"none";"Unclassified;";"Unclassified;";"Unclassified;";"Unclassified;";"Unclassified;"
"828397";"62";"Otu1062";"None";"0.848442";"89";"0";"0";"87.0732";"84";"31186";"41784";"984";"406";"406";"none";"Unclassified;";"Unclassified;";"Unclassified;";"Unclassified;";"Unclassified;"
"828397";"63";"Otu1063";"None";"0.993936";"98";"0";"0";"89.9015";"99";"31188";"41784";"986";"402";"402";"none";"Unclassified;";"Unclassified;";"Unclassified;";"Unclassified;";"Unclassified;"
"828397";"64";"Otu1064";"None";"0.431559";"46";"0";"0";"43.254";"43";"14960";"32817";"556";"459";"459";"complemented";"Unclassified;";"Unclassified;";"Unclassified;";"Unclassified;";"Unclassified;"
"828397";"65";"Otu1065";"None";"0.970682";"100";"0";"0";"89.8515";"97";"31188";"41784";"986";"402";"402";"none";"Unclassified;";"Unclassified;";"Unclassified;";"Unclassified;";"Unclassified;"
"828397";"66";"Otu1066";"None";"0.919511";"94";"0";"0";"91.3793";"91";"31188";"41784";"986";"405";"405";"none";"Unclassified;";"Unclassified;";"Unclassified;";"Unclassified;";"Unclassified;"
"828397";"67";"Otu1067";"None";"0.975214";"95";"0";"0";"84.2105";"97";"31188";"41784";"986";"390";"390";"none";"Unclassified;";"Unclassified;";"Unclassified;";"Unclassified;";"Unclassified;"
"828397";"68";"Otu1068";"None";"0.948754";"91";"0";"0";"82.439";"94";"31188";"41784";"986";"406";"406";"none";"Unclassified;";"Unclassified;";"Unclassified;";"Unclassified;";"Unclassified;"
"828397";"69";"Otu1069";"None";"0.497322";"29";"0";"0";"40.2273";"49";"2043";"16428";"119";"518";"518";"reversed";"Unclassified;";"Unclassified;";"Unclassified;";"Unclassified;";"Unclassified;"
"828397";"70";"Otu1070";"None";"0.962496";"93";"0";"0";"87.2236";"96";"31188";"41784";"986";"403";"403";"none";"Unclassified;";"Unclassified;";"Unclassified;";"Unclassified;";"Unclassified;"
"828397";"71";"Otu1071";"None";"0.919929";"92";"0";"0";"86.1314";"91";"31188";"41784";"986";"409";"409";"none";"Unclassified;";"Unclassified;";"Unclassified;";"Unclassified;";"Unclassified;"
"828397";"72";"Otu1072";"None";"0.491914";"32";"0";"0";"37.6321";"49";"2538";"16519";"149";"458";"458";"reversed and complemented";"Unclassified;";"Unclassified;";"Unclassified;";"Unclassified;";"Unclassified;"
"828397";"73";"Otu1073";"None";"0.948334";"97";"0";"0";"86.7322";"94";"31186";"41784";"984";"404";"404";"none";"Unclassified;";"Unclassified;";"Unclassified;";"Unclassified;";"Unclassified;"
"828397";"74";"Otu1074";"None";"0.927038";"84";"0";"0";"91.1548";"92";"31188";"41784";"986";"406";"406";"none";"Unclassified;";"Unclassified;";"Unclassified;";"Unclassified;";"Unclassified;"
"828397";"75";"Otu1075";"None";"0.827331";"94";"0";"0";"82.9208";"82";"31188";"41784";"986";"390";"390";"none";"Unclassified;";"Unclassified;";"Unclassified;";"Unclassified;";"Unclassified;"
"828397";"76";"Otu1076";"None";"0.909152";"93";"0";"0";"90.3704";"90";"31188";"41784";"986";"404";"404";"none";"Unclassified;";"Unclassified;";"Unclassified;";"Unclassified;";"Unclassified;"
"828397";"77";"Otu1077";"None";"0.955605";"97";"0";"0";"96.2871";"95";"31188";"41784";"986";"403";"403";"none";"Bacteria;";"Unclassified;";"Bacteria;Actinobacteria;Actinobacteria;Micrococcales;Cellulomonadaceae;Cellulomonas;";"Bacteria;""Actinobacteria"";Actinobacteria;Actinobacteridae;Actinomycetales;Micrococcineae;Cellulomonadaceae;Cellulomonas;";"Bacteria;Actinobacteriota;Actinobacteria;Micrococcales;Cellulomonadaceae;Cellulomonas;"
"828397";"78";"Otu1078";"None";"0.875874";"93";"0";"0";"88.4804";"87";"31188";"41784";"986";"405";"405";"none";"Unclassified;";"Unclassified;";"Unclassified;";"Unclassified;";"Unclassified;"
"828397";"79";"Otu1079";"None";"0.970539";"101";"0";"0";"93.8272";"97";"31188";"41784";"986";"405";"405";"none";"Bacteria;";"Unclassified;";"Unclassified;";"Bacteria;""Proteobacteria"";Gammaproteobacteria;";"Bacteria;Proteobacteria;Gammaproteobacteria;"
"828397";"80";"Otu1080";"None";"0.997739";"96";"0";"0";"87.2727";"99";"31188";"41784";"986";"383";"383";"none";"Unclassified;";"Unclassified;";"Unclassified;";"Unclassified;";"Unclassified;"
"828397";"81";"Otu1081";"None";"0.98151";"99";"0";"0";"94.5274";"98";"31188";"41784";"986";"402";"402";"none";"Unclassified;";"Unclassified;";"Unclassified;";"Bacteria;""Proteobacteria"";Alphaproteobacteria;Caulobacterales;Caulobacteraceae;Caulobacter;";"Bacteria;Proteobacteria;Alphaproteobacteria;Caulobacterales;Caulobacteraceae;"
"828397";"82";"Otu1082";"None";"0.96389";"93";"0";"0";"86.9898";"96";"31188";"41784";"986";"389";"389";"none";"Bacteria;environmental samples;";"Unclassified;";"Unclassified;";"Bacteria;""Chloroflexi"";Thermomicrobia;Sphaerobacteridae;Sphaerobacterales;""Sphaerobacterineae"";Sphaerobacteraceae;";"Bacteria;Chloroflexi;Chloroflexia;Thermomicrobiales;JG30-KF-CM45;"
"828397";"83";"Otu1083";"None";"0.790457";"79";"0";"0";"66.5914";"79";"31132";"41784";"963";"437";"437";"none";"Unclassified;";"Unclassified;";"Unclassified;";"Unclassified;";"Unclassified;"
"828397";"84";"Otu1084";"None";"0.988926";"99";"0";"0";"96.0494";"98";"31188";"41784";"986";"404";"404";"none";"Bacteria;";"Unclassified;";"Unclassified;";"Bacteria;""Proteobacteria"";Betaproteobacteria;unclassified_Betaproteobacteria;";"Bacteria;Proteobacteria;Gammaproteobacteria;Burkholderiales;Nitrosomonadaceae;Ellin6067;"
"828397";"85";"Otu1085";"None";"0.993037";"87";"0";"0";"94.3529";"99";"6427";"23446";"358";"425";"425";"none";"Bacteria;environmental samples;";"Unclassified;";"Unclassified;";"Bacteria;""Bacteroidetes"";""Bacteroidia"";""Bacteroidales"";""Porphyromonadaceae"";";"Bacteria;Bacteroidota;Bacteroidia;Bacteroidales;Muribaculaceae;"
"828397";"86";"Otu1086";"None";"0.878364";"96";"0";"0";"90.9091";"87";"31186";"41784";"984";"404";"404";"none";"Unclassified;";"Unclassified;";"Unclassified;";"Unclassified;";"Unclassified;"
"828397";"87";"Otu1087";"None";"0.99731";"96";"0";"0";"99.5049";"99";"31188";"41784";"986";"404";"404";"none";"Bacteria;environmental samples;";"Unclassified;";"Unclassified;";"Bacteria;""Verrucomicrobia"";Verrucomicrobiae;Verrucomicrobiales;Verrucomicrobiaceae;Luteolibacter;";"Bacteria;Verrucomicrobiota;Verrucomicrobiae;Verrucomicrobiales;Rubritaleaceae;Luteolibacter;"
"828397";"88";"Otu1088";"None";"0.9929";"92";"0";"0";"95.6311";"99";"31188";"41784";"986";"410";"410";"none";"Unclassified;";"Unclassified;";"Unclassified;";"Unclassified;";"Unclassified;"
"828397";"89";"Otu1089";"None";"0.982302";"97";"0";"0";"94.7891";"98";"31189";"41784";"986";"403";"403";"none";"Bacteria;environmental samples;";"Unclassified;";"Unclassified;";"Bacteria;""Bacteroidetes"";""Bacteroidia"";""Bacteroidales"";""Porphyromonadaceae"";Porphyromonas;";"Bacteria;Bacteroidota;Bacteroidia;Bacteroidales;Porphyromonadaceae;Porphyromonas;"
"828397";"90";"Otu1090";"None";"0.967759";"92";"0";"0";"85.8537";"96";"31188";"41784";"986";"409";"409";"none";"Unclassified;";"Unclassified;";"Unclassified;";"Unclassified;";"Unclassified;"
"828397";"91";"Otu1091";"None";"0.992282";"100";"0";"0";"99.5074";"99";"31188";"41784";"986";"406";"406";"none";"Bacteria;environmental samples;";"Unclassified;";"Unclassified;";"Bacteria;""Proteobacteria"";Deltaproteobacteria;unclassified_Deltaproteobacteria;";"Bacteria;Cyanobacteria;Vampirivibrionia;Obscuribacterales;Obscuribacteraceae;"
"828397";"92";"Otu1092";"None";"0.989037";"98";"0";"0";"96.7901";"98";"31188";"41784";"986";"404";"404";"none";"Bacteria;";"Unclassified;";"Bacteria;Proteobacteria;Gammaproteobacteria;Oceanospirillales;Halomonadaceae;Halomonas;";"Bacteria;""Proteobacteria"";Gammaproteobacteria;Oceanospirillales;Halomonadaceae;Halomonas;";"Bacteria;Proteobacteria;Gammaproteobacteria;Oceanospirillales;Halomonadaceae;Halomonas;"
"828397";"93";"Otu1093";"None";"0.508995";"50";"0";"0";"37.5";"50";"7696";"26833";"375";"448";"448";"complemented";"Unclassified;";"Unclassified;";"Unclassified;";"Unclassified;";"Unclassified;"
"828397";"94";"Otu1094";"None";"0.986525";"95";"0";"0";"89.6296";"98";"31188";"42534";"986";"403";"403";"none";"Unclassified;";"Unclassified;";"Unclassified;";"Unclassified;";"Unclassified;"
"828397";"95";"Otu1095";"None";"0.46128";"51";"0";"0";"44.1687";"46";"1119";"10263";"56";"369";"369";"none";"Unclassified;";"Unclassified;";"Unclassified;";"Unclassified;";"Unclassified;"
"828397";"96";"Otu1096";"None";"0.922326";"93";"0";"0";"86.0294";"92";"31189";"41784";"986";"406";"406";"none";"Unclassified;";"Unclassified;";"Unclassified;";"Unclassified;";"Unclassified;"
"828397";"97";"Otu1097";"None";"0.486356";"33";"0";"0";"42.0091";"48";"15662";"32551";"584";"401";"401";"complemented";"Unclassified;";"Unclassified;";"Unclassified;";"Unclassified;";"Unclassified;"
"828397";"98";"Otu1098";"None";"0.935695";"92";"0";"0";"91.1548";"93";"31188";"41784";"986";"405";"405";"none";"Unclassified;";"Unclassified;";"Unclassified;";"Unclassified;";"Unclassified;"
"828397";"99";"Otu1099";"None";"0.97631";"101";"0";"0";"92.3833";"97";"31188";"41784";"986";"404";"404";"none";"Bacteria;environmental samples;";"Unclassified;";"Unclassified;";"Bacteria;""Proteobacteria"";Gammaproteobacteria;unclassified_Gammaproteobacteria;";"Bacteria;Proteobacteria;Gammaproteobacteria;Gammaproteobacteria Incertae Sedis;Unknown Family;Candidatus Berkiella;"
"828397";"100";"Otu1100";"None";"0.996446";"97";"0";"0";"97.5186";"99";"31188";"41784";"986";"401";"401";"none";"Bacteria;Firmicutes;Clostridia;Clostridiales;";"Unclassified;";"Unclassified;";"Bacteria;Firmicutes;Clostridia;Clostridiales;Ruminococcaceae;Clostridium III;";"Bacteria;Firmicutes;Clostridia;Hungateiclostridiaceae;Ruminiclostridium;"
"828397";"101";"Otu1101";"None";"0.524898";"45";"0";"0";"33.8428";"52";"1136";"10278";"62";"383";"383";"complemented";"Unclassified;";"Unclassified;";"Unclassified;";"Unclassified;";"Unclassified;"
"828397";"102";"Otu1102";"None";"0.992847";"99";"0";"0";"93.6118";"99";"31188";"41784";"986";"404";"404";"none";"Bacteria;";"Unclassified;";"Unclassified;";"Bacteria;""Proteobacteria"";Gammaproteobacteria;unclassified_Gammaproteobacteria;";"Bacteria;Proteobacteria;Gammaproteobacteria;CCM19a;"
"828397";"103";"Otu1103";"None";"0.924982";"90";"0";"0";"92.4757";"92";"31188";"41784";"986";"410";"410";"none";"Unclassified;";"Unclassified;";"Unclassified;";"Unclassified;";"Unclassified;"
"828397";"104";"Otu1104";"None";"0.426374";"33";"0";"0";"41.4914";"42";"6429";"21990";"359";"474";"474";"reversed and complemented";"Unclassified;";"Unclassified;";"Unclassified;";"Unclassified;";"Unclassified;"
"828397";"105";"Otu1105";"None";"0.99498";"83";"0";"0";"99.2665";"99";"6427";"23446";"358";"408";"408";"none";"Bacteria;Fusobacteria;Fusobacteriales;Fusobacteriaceae;Fusobacterium;";"Unclassified;";"Unclassified;";"Unclassified;";"Bacteria;Fusobacteriota;Fusobacteriia;Fusobacteriales;Fusobacteriaceae;Fusobacterium;"
"828397";"106";"Otu1106";"None";"0.88293";"90";"0";"0";"93.1373";"88";"31188";"41784";"986";"405";"405";"none";"Unclassified;";"Unclassified;";"Unclassified;";"Unclassified;";"Unclassified;"
"828397";"107";"Otu1107";"None";"0.992925";"97";"0";"0";"95.8435";"99";"31186";"41784";"984";"409";"409";"none";"Bacteria;";"Unclassified;";"Unclassified;";"Bacteria;""Planctomycetes"";Planctomycetia;Planctomycetales;Planctomycetaceae;unclassified_Planctomycetaceae;";"Bacteria;Planctomycetota;Planctomycetes;Planctomycetales;uncultured;"
"828397";"108";"Otu1108";"None";"0.996625";"97";"0";"0";"99.5134";"99";"31186";"41784";"984";"411";"411";"none";"Bacteria;environmental samples;";"Unclassified;";"Unclassified;";"Bacteria;""Planctomycetes"";Planctomycetia;Planctomycetales;Planctomycetaceae;unclassified_Planctomycetaceae;";"Bacteria;"
"828397";"109";"Otu1109";"None";"0.992571";"100";"0";"0";"98.2759";"99";"31188";"41784";"986";"406";"406";"none";"Bacteria;environmental samples;";"Unclassified;";"Unclassified;";"Bacteria;";"Bacteria;"
"828397";"110";"Otu1110";"None";"0.99304";"80";"0";"0";"99.768";"99";"6427";"23446";"358";"431";"431";"none";"Bacteria;";"Unclassified;";"Unclassified;";"Bacteria;Firmicutes;Bacilli;Bacillales;Bacillales_Incertae Sedis XI;Gemella;";"Bacteria;Firmicutes;Bacilli;Staphylococcales;Gemellaceae;Gemella;"
"828397";"111";"Otu1111";"None";"0.937028";"94";"0";"0";"88.3663";"93";"31188";"41784";"986";"402";"402";"none";"Unclassified;";"Unclassified;";"Unclassified;";"Unclassified;";"Unclassified;"
"828397";"112";"Otu1112";"None";"0.976979";"100";"0";"0";"93.3333";"97";"31186";"41784";"984";"404";"404";"none";"Unclassified;";"Unclassified;";"Unclassified;";"Bacteria;""Proteobacteria"";Alphaproteobacteria;Rhizobiales;Hyphomicrobiaceae;";"Bacteria;Proteobacteria;Alphaproteobacteria;Rhizobiales;Hyphomicrobiaceae;Pedomicrobium;"
"828397";"113";"Otu1113";"None";"0.99678";"86";"0";"0";"99.7653";"99";"6427";"23446";"358";"426";"426";"none";"Bacteria;";"Unclassified;";"Bacteria;Bacteroidetes;Flavobacteriia;Flavobacteriales;Flavobacteriaceae;Capnocytophaga;";"Bacteria;""Bacteroidetes"";Flavobacteriia;""Flavobacteriales"";Flavobacteriaceae;Capnocytophaga;";"Bacteria;Bacteroidota;Bacteroidia;Flavobacteriales;Flavobacteriaceae;Capnocytophaga;"
"828397";"114";"Otu1114";"None";"0.541954";"38";"0";"0";"36.9928";"54";"3137";"10353";"166";"370";"370";"complemented";"Unclassified;";"Unclassified;";"Unclassified;";"Unclassified;";"Unclassified;"
"828397";"115";"Otu1115";"None";"0.992646";"96";"0";"0";"97.5247";"99";"31188";"41784";"986";"404";"404";"none";"Unclassified;";"Unclassified;";"Bacteria;Bacteroidetes;Bacteroidia;Bacteroidales;Prevotellaceae;Prevotella;";"Bacteria;""Bacteroidetes"";""Bacteroidia"";""Bacteroidales"";""Prevotellaceae"";Prevotella;";"Bacteria;Bacteroidota;Bacteroidia;Bacteroidales;Prevotellaceae;Prevotella;"
"828397";"116";"Otu1116";"None";"0.996668";"97";"0";"0";"94.4039";"99";"31188";"41784";"986";"410";"410";"none";"Bacteria;environmental samples;";"Unclassified;";"Unclassified;";"Bacteria;unclassified_Bacteria;";"Bacteria;Dependentiae;Babeliae;Babeliales;Vermiphilaceae;"
"828397";"117";"Otu1117";"None";"0.866839";"90";"0";"0";"87.9902";"86";"31192";"41784";"988";"407";"407";"none";"Unclassified;";"Unclassified;";"Unclassified;";"Unclassified;";"Unclassified;"
"828397";"118";"Otu1118";"None";"0.864334";"91";"0";"0";"90.1961";"86";"31188";"41784";"986";"402";"402";"none";"Unclassified;";"Unclassified;";"Unclassified;";"Unclassified;";"Unclassified;"
"828397";"119";"Otu1119";"None";"0";"101";"0";"0";"100";"100";"31188";"41784";"986";"381";"381";"none";"Bacteria;";"Unclassified;";"Bacteria;Proteobacteria;Alphaproteobacteria;Rhodobacterales;Rhodobacteraceae;Paracoccus;";"Bacteria;""Proteobacteria"";Alphaproteobacteria;Rhodobacterales;Rhodobacteraceae;Paracoccus;";"Bacteria;Proteobacteria;Alphaproteobacteria;Rhodobacterales;Rhodobacteraceae;Paracoccus;"
"828397";"120";"Otu1120";"None";"0.903335";"95";"0";"0";"81.7961";"90";"31186";"41784";"984";"408";"408";"none";"Unclassified;";"Unclassified;";"Unclassified;";"Unclassified;";"Unclassified;"
"828397";"121";"Otu1121";"None";"0.989531";"96";"0";"0";"90.3704";"98";"31188";"41784";"986";"404";"404";"none";"Unclassified;";"Unclassified;";"Unclassified;";"Unclassified;";"Unclassified;"
"828397";"122";"Otu1122";"None";"0.983471";"90";"0";"0";"85.8191";"98";"31188";"41784";"986";"403";"403";"none";"Unclassified;";"Unclassified;";"Unclassified;";"Unclassified;";"Unclassified;"
"828397";"123";"Otu1123";"None";"0.995271";"98";"0";"0";"97.1084";"99";"31188";"41784";"986";"414";"414";"none";"Bacteria;";"Unclassified;";"Unclassified;";"Bacteria;""Verrucomicrobia"";Subdivision3;Subdivision3_genera_incertae_sedis;";"Bacteria;Verrucomicrobiota;Verrucomicrobiae;Pedosphaerales;Pedosphaeraceae;"
"828397";"124";"Otu1124";"None";"0.984798";"100";"0";"0";"95.3659";"98";"31186";"41784";"984";"410";"410";"none";"Unclassified;";"Unclassified;";"Unclassified;";"Bacteria;""Planctomycetes"";Planctomycetia;Planctomycetales;Planctomycetaceae;unclassified_Planctomycetaceae;";"Bacteria;Planctomycetota;Planctomycetes;Pirellulales;Pirellulaceae;uncultured;"
"828397";"125";"Otu1125";"None";"0.499682";"46";"0";"0";"41.2017";"49";"7939";"26831";"394";"423";"423";"none";"Unclassified;";"Unclassified;";"Unclassified;";"Unclassified;";"Unclassified;"
"828397";"126";"Otu1126";"None";"0.994701";"104";"0";"0";"96.3054";"99";"31188";"41784";"986";"406";"406";"none";"Unclassified;";"Unclassified;";"Unclassified;";"Bacteria;""Proteobacteria"";Deltaproteobacteria;Bdellovibrionales;Bdellovibrionaceae;Vampirovibrio;";"Bacteria;Cyanobacteria;Vampirivibrionia;Obscuribacterales;Obscuribacteraceae;"
"828397";"127";"Otu1127";"None";"0.939607";"89";"0";"0";"82.6603";"93";"31188";"41784";"986";"412";"412";"none";"Unclassified;";"Unclassified;";"Unclassified;";"Unclassified;";"Unclassified;"
"828397";"128";"Otu1128";"None";"0.979885";"99";"0";"0";"93.5484";"97";"31188";"41784";"986";"403";"403";"none";"Unclassified;";"Unclassified;";"Unclassified;";"Unclassified;";"Unclassified;"
"828397";"129";"Otu1129";"None";"0.996524";"87";"0";"0";"99.7647";"99";"6427";"23446";"358";"425";"425";"none";"Bacteria;environmental samples;";"Unclassified;";"Unclassified;";"Bacteria;""Bacteroidetes"";""Bacteroidia"";""Bacteroidales"";""Prevotellaceae"";";"Bacteria;Bacteroidota;Bacteroidia;Bacteroidales;Prevotellaceae;Alloprevotella;"
"828397";"130";"Otu1130";"None";"0.985041";"97";"0";"0";"97.0443";"98";"31188";"41784";"986";"405";"405";"none";"Bacteria;";"Unclassified;";"Unclassified;";"Bacteria;""Proteobacteria"";Gammaproteobacteria;";"Bacteria;Proteobacteria;Gammaproteobacteria;Cellvibrionales;Halieaceae;OM60(NOR5) clade;"
"828397";"131";"Otu1131";"None";"0.984782";"103";"0";"0";"95.086";"98";"31188";"41784";"986";"407";"407";"none";"Bacteria;";"Unclassified;";"Unclassified;";"Bacteria;""Proteobacteria"";Deltaproteobacteria;unclassified_Deltaproteobacteria;";"Bacteria;MBNT15;"
"828397";"132";"Otu1132";"None";"0.990691";"92";"0";"0";"88.3663";"99";"31188";"41784";"986";"404";"404";"none";"Unclassified;";"Unclassified;";"Unclassified;";"Unclassified;";"Unclassified;"
"828397";"133";"Otu1133";"None";"0.917604";"90";"0";"0";"90.9756";"91";"31188";"41784";"986";"405";"405";"none";"Unclassified;";"Unclassified;";"Unclassified;";"Unclassified;";"Unclassified;"
"828397";"134";"Otu1134";"None";"0.940135";"92";"0";"0";"90.6404";"94";"31188";"41784";"986";"405";"405";"none";"Unclassified;";"Unclassified;";"Unclassified;";"Unclassified;";"Unclassified;"
"828397";"135";"Otu1135";"None";"0.917613";"94";"0";"0";"86.4865";"91";"31188";"41784";"986";"407";"407";"none";"Unclassified;";"Unclassified;";"Unclassified;";"Unclassified;";"Unclassified;"
"828397";"136";"Otu1136";"None";"0.99259";"91";"0";"0";"86.3081";"99";"31188";"41784";"986";"405";"405";"none";"Unclassified;";"Unclassified;";"Unclassified;";"Unclassified;";"Unclassified;"
"828397";"137";"Otu1137";"None";"0.993842";"95";"0";"0";"89.4089";"99";"31188";"41784";"986";"404";"404";"none";"Unclassified;";"Unclassified;";"Unclassified;";"Unclassified;";"Unclassified;"
"828397";"138";"Otu1138";"None";"0.962514";"92";"0";"0";"89.2944";"96";"31186";"41784";"984";"409";"409";"none";"unclassified sequences;metagenomes;";"Unclassified;";"Unclassified;";"Unclassified;";"Bacteria;Planctomycetota;Planctomycetes;Pirellulales;Pirellulaceae;uncultured;"
"828397";"139";"Otu1139";"None";"0.977126";"97";"0";"0";"93.9759";"97";"31188";"41784";"986";"410";"410";"none";"Bacteria;";"Unclassified;";"Bacteria;Actinobacteria;Actinobacteria;Actinomycetales;Propionibacterineae;Nocardioidaceae;Nocardioides;";"Bacteria;""Actinobacteria"";Actinobacteria;Actinobacteridae;Actinomycetales;Propionibacterineae;Nocardioidaceae;Nocardioides;";"Bacteria;Actinobacteriota;Actinobacteria;Propionibacteriales;Nocardioidaceae;Nocardioides;"
"828397";"140";"Otu1140";"None";"0.995509";"82";"0";"0";"99.0741";"99";"6427";"23446";"358";"431";"431";"none";"Bacteria;Tenericutes;Mollicutes;Mycoplasmataceae;Mycoplasma;";"d__Bacteria;p__Firmicutes;c__Bacilli;o__Mycoplasmatales;f__Metamycoplasmataceae;g__Metamycoplasma;s__Metamycoplasma orale;";"Bacteria;Tenericutes;Mollicutes;Mycoplasmatales;Mycoplasmataceae;Mycoplasma;";"Bacteria;""Tenericutes"";Mollicutes;Mycoplasmatales;Mycoplasmataceae;Mycoplasma;";"Bacteria;Firmicutes;Bacilli;Mycoplasmatales;Mycoplasmataceae;Mycoplasma;"
"828397";"141";"Otu1141";"None";"0.975505";"96";"0";"0";"89.8617";"97";"31186";"41784";"984";"426";"426";"none";"Unclassified;";"Unclassified;";"Unclassified;";"Unclassified;";"Unclassified;"
"828397";"142";"Otu1142";"None";"0.968934";"92";"0";"0";"90.5569";"96";"31188";"41784";"986";"412";"412";"none";"Unclassified;";"Unclassified;";"Unclassified;";"Unclassified;";"Unclassified;"
"828397";"143";"Otu1143";"None";"0.509847";"37";"0";"0";"40.5896";"50";"2102";"10263";"143";"398";"398";"none";"Unclassified;";"Unclassified;";"Unclassified;";"Unclassified;";"Unclassified;"
"828397";"144";"Otu1144";"None";"0.994861";"96";"0";"0";"97.733";"99";"32397";"41784";"991";"399";"399";"none";"Bacteria;";"Unclassified;";"Unclassified;";"Bacteria;""Proteobacteria"";Deltaproteobacteria;";"Bacteria;Desulfobacterota;uncultured;"
"828397";"145";"Otu1145";"None";"0.996752";"99";"0";"0";"99.2593";"99";"31188";"41784";"986";"405";"405";"none";"unclassified sequences;environmental samples;";"Unclassified;";"Unclassified;";"Bacteria;""Proteobacteria"";Gammaproteobacteria;unclassified_Gammaproteobacteria;";"Bacteria;Proteobacteria;Gammaproteobacteria;KI89A clade;"
"828397";"146";"Otu1146";"None";"0.91473";"92";"0";"0";"93.1034";"91";"31188";"41784";"986";"402";"402";"none";"Unclassified;";"Unclassified;";"Unclassified;";"Unclassified;";"Unclassified;"
"828397";"147";"Otu1147";"None";"0.984674";"99";"0";"0";"96.2779";"98";"31188";"41784";"986";"403";"403";"none";"Bacteria;";"Unclassified;";"Bacteria;Actinobacteria;Actinobacteria;Micrococcales;Microbacteriaceae;Microcella;";"Bacteria;""Actinobacteria"";Actinobacteria;Actinobacteridae;Actinomycetales;Micrococcineae;Microbacteriaceae;";"Bacteria;Actinobacteriota;Actinobacteria;Micrococcales;Microbacteriaceae;"
"828397";"148";"Otu1148";"None";"0.958206";"87";"0";"0";"85.6796";"95";"31188";"41784";"986";"408";"408";"none";"Unclassified;";"Unclassified;";"Unclassified;";"Unclassified;";"Unclassified;"
"828397";"149";"Otu1149";"None";"0.969106";"92";"0";"0";"85.3301";"96";"31188";"41784";"986";"409";"409";"none";"Unclassified;";"Unclassified;";"Unclassified;";"Unclassified;";"Unclassified;"
"828397";"150";"Otu1150";"None";"0.976798";"99";"0";"0";"89.1041";"97";"31188";"41784";"986";"410";"410";"none";"Unclassified;";"Unclassified;";"Unclassified;";"Unclassified;";"Unclassified;"
"828397";"151";"Otu1151";"None";"0.487262";"36";"0";"0";"38.5069";"48";"6103";"25444";"306";"462";"462";"none";"Unclassified;";"Unclassified;";"Unclassified;";"Unclassified;";"Unclassified;"
"828397";"152";"Otu1152";"None";"0.937051";"99";"0";"0";"87.931";"93";"31188";"41784";"986";"406";"406";"none";"Bacteria;environmental samples;";"Unclassified;";"Unclassified;";"Bacteria;""Deinococcus-Thermus"";Deinococci;Deinococcales;Trueperaceae;Truepera;";"Bacteria;Deinococcota;Deinococci;Deinococcales;Trueperaceae;Truepera;"
"828397";"153";"Otu1153";"None";"0.532282";"49";"0";"0";"35.1103";"53";"28464";"41548";"926";"490";"490";"reversed and complemented";"Unclassified;";"Unclassified;";"Unclassified;";"Unclassified;";"Unclassified;"
"828397";"154";"Otu1154";"None";"0.967325";"92";"0";"0";"87.3786";"96";"31188";"41784";"986";"409";"409";"none";"Unclassified;";"Unclassified;";"Unclassified;";"Unclassified;";"Unclassified;"
"828397";"155";"Otu1155";"None";"0.537235";"49";"0";"0";"38.9671";"53";"1034";"9885";"23";"422";"422";"reversed";"Unclassified;";"Unclassified;";"Unclassified;";"Unclassified;";"Unclassified;"
"828397";"156";"Otu1156";"None";"0.98247";"98";"0";"0";"94.5545";"98";"31188";"41784";"986";"404";"404";"none";"Bacteria;environmental samples;";"Unclassified;";"Unclassified;";"Bacteria;""Proteobacteria"";Deltaproteobacteria;Myxococcales;Nannocystineae;";"Bacteria;Myxococcota;Polyangia;Haliangiales;Haliangiaceae;Haliangium;"
"828397";"157";"Otu1157";"None";"0.932417";"94";"0";"0";"82.2816";"93";"31188";"41784";"986";"404";"404";"none";"Unclassified;";"Unclassified;";"Unclassified;";"Unclassified;";"Unclassified;"
"828397";"158";"Otu1158";"None";"0.992742";"99";"0";"0";"98.7654";"99";"31188";"41784";"986";"405";"405";"none";"Bacteria;Actinobacteria;Micrococcales;Microbacteriaceae;Leucobacter;";"Unclassified;";"Bacteria;Actinobacteria;Actinobacteria;Micrococcales;Microbacteriaceae;Leucobacter;";"Bacteria;""Actinobacteria"";Actinobacteria;Actinobacteridae;Actinomycetales;Micrococcineae;Microbacteriaceae;Leucobacter;";"Bacteria;Actinobacteriota;Actinobacteria;Micrococcales;Microbacteriaceae;Leucobacter;"
"828397";"159";"Otu1159";"None";"0.463576";"43";"0";"0";"42.0601";"46";"2036";"15690";"116";"420";"420";"none";"Unclassified;";"Unclassified;";"Unclassified;";"Unclassified;";"Unclassified;"
"828397";"160";"Otu1160";"None";"0.452419";"22";"0";"0";"40";"45";"25318";"37694";"806";"374";"374";"complemented";"Unclassified;";"Unclassified;";"Unclassified;";"Unclassified;";"Unclassified;"
"828397";"161";"Otu1161";"None";"0.984995";"99";"0";"0";"92.6829";"98";"31188";"41784";"986";"408";"408";"none";"Bacteria;";"d__Bacteria;p__Proteobacteria;c__Alphaproteobacteria;o__UBA9655;f__UBA9655;g__UBA9655;s__UBA9655 sp001767835;";"Unclassified;";"Bacteria;""Proteobacteria"";Alphaproteobacteria;";"Bacteria;Proteobacteria;Alphaproteobacteria;Holosporales;Holosporaceae;uncultured;"
"828397";"162";"Otu1162";"None";"0.49693";"34";"0";"0";"39.9261";"49";"13147";"34100";"526";"432";"432";"none";"Unclassified;";"Unclassified;";"Unclassified;";"Unclassified;";"Unclassified;"
"828397";"163";"Otu1163";"None";"0.988692";"95";"0";"0";"85.8881";"98";"31188";"41784";"986";"409";"409";"none";"Unclassified;";"Unclassified;";"Unclassified;";"Unclassified;";"Unclassified;"
"828397";"164";"Otu1164";"None";"0.323383";"39";"0";"0";"48.1752";"32";"2073";"13146";"132";"371";"371";"none";"Unclassified;";"Unclassified;";"Unclassified;";"Unclassified;";"Unclassified;"
"828397";"165";"Otu1165";"None";"0.996635";"101";"0";"0";"99.7531";"99";"31188";"41784";"986";"405";"405";"none";"Bacteria;Proteobacteria;Gammaproteobacteria;";"Unclassified;";"Unclassified;";"Bacteria;""Proteobacteria"";Gammaproteobacteria;Alteromonadales;Alteromonadaceae;Marinobacter;";"Bacteria;Proteobacteria;Gammaproteobacteria;Alteromonadales;Marinobacteraceae;Marinobacter;"
"828397";"166";"Otu1166";"None";"0.992533";"101";"0";"0";"99.2574";"99";"31188";"41784";"986";"404";"404";"none";"Bacteria;";"d__Bacteria;p__Bacteroidota;c__Bacteroidia;o__Bacteroidales;f__Bacteroidaceae;g__Prevotella;s__Prevotella conceptionensis;";"Unclassified;";"Bacteria;""Bacteroidetes"";""Bacteroidia"";""Bacteroidales"";""Prevotellaceae"";Prevotella;";"Bacteria;Bacteroidota;Bacteroidia;Bacteroidales;Prevotellaceae;Prevotella;"
"828397";"167";"Otu1167";"None";"0.521561";"30";"0";"0";"39.1026";"52";"4095";"21340";"194";"418";"418";"reversed";"Unclassified;";"Unclassified;";"Unclassified;";"Unclassified;";"Unclassified;"
"828397";"168";"Otu1168";"None";"0.56799";"27";"0";"0";"45.098";"56";"2041";"14986";"118";"466";"466";"complemented";"Unclassified;";"Unclassified;";"Unclassified;";"Unclassified;";"Unclassified;"
"828397";"169";"Otu1169";"None";"0.916314";"96";"0";"0";"91.8519";"91";"31188";"41784";"986";"403";"403";"none";"Unclassified;";"Unclassified;";"Unclassified;";"Unclassified;";"Unclassified;"
"828397";"170";"Otu1170";"None";"0.454545";"41";"0";"0";"33.892";"45";"1112";"9925";"53";"497";"497";"reversed and complemented";"Unclassified;";"Unclassified;";"Unclassified;";"Unclassified;";"Unclassified;"
"828397";"171";"Otu1171";"None";"0.844505";"91";"0";"0";"81.8402";"84";"31188";"41784";"986";"411";"411";"none";"Unclassified;";"Unclassified;";"Unclassified;";"Unclassified;";"Unclassified;"
"828397";"172";"Otu1172";"None";"0.901267";"92";"0";"0";"91.6667";"90";"31188";"41784";"986";"407";"407";"none";"Unclassified;";"Unclassified;";"Unclassified;";"Unclassified;";"Unclassified;"
"828397";"173";"Otu1173";"None";"0.991072";"98";"0";"0";"91.2145";"99";"31188";"41784";"986";"385";"385";"none";"Unclassified;";"Unclassified;";"Unclassified;";"Unclassified;";"Unclassified;"
"828397";"174";"Otu1174";"None";"0.97556";"95";"0";"0";"90.6404";"97";"31188";"41784";"986";"406";"406";"none";"Unclassified;";"Unclassified;";"Unclassified;";"Unclassified;";"Unclassified;"
"828397";"175";"Otu1175";"None";"0.989705";"97";"0";"0";"87.8049";"98";"31188";"41784";"986";"409";"409";"none";"Unclassified;";"Unclassified;";"Unclassified;";"Unclassified;";"Unclassified;"
"828397";"176";"Otu1176";"None";"0.44237";"52";"0";"0";"39.2354";"44";"15669";"27650";"587";"399";"399";"reversed and complemented";"Unclassified;";"Unclassified;";"Unclassified;";"Unclassified;";"Unclassified;"
"828397";"177";"Otu1177";"None";"0.465436";"44";"0";"0";"39.1949";"46";"1136";"13875";"62";"461";"461";"reversed and complemented";"Unclassified;";"Unclassified;";"Unclassified;";"Unclassified;";"Unclassified;"
"828397";"178";"Otu1178";"None";"0.957973";"97";"0";"0";"89.75";"95";"31188";"41784";"986";"399";"399";"none";"Unclassified;";"Unclassified;";"Unclassified;";"Unclassified;";"Unclassified;"
"828397";"179";"Otu1179";"None";"0.980799";"98";"0";"0";"98.0198";"98";"31188";"41784";"986";"403";"403";"none";"Bacteria;environmental samples;";"Unclassified;";"Unclassified;";"Bacteria;""Actinobacteria"";Actinobacteria;Actinobacteridae;Actinomycetales;";"Bacteria;Actinobacteriota;Actinobacteria;Corynebacteriales;Corynebacteriaceae;"
"828397";"180";"Otu1180";"None";"0.961485";"97";"0";"0";"91.5633";"96";"31188";"41784";"986";"403";"403";"none";"Unclassified;";"Unclassified;";"Unclassified;";"Unclassified;";"Unclassified;"
"828397";"181";"Otu1181";"None";"0.992228";"98";"0";"0";"91.0891";"99";"31188";"41784";"986";"401";"401";"none";"Unclassified;";"Unclassified;";"Unclassified;";"Unclassified;";"Unclassified;"
"828397";"182";"Otu1182";"None";"0.885667";"101";"0";"0";"93.1204";"88";"31188";"41784";"986";"405";"405";"none";"Unclassified;";"Unclassified;";"Unclassified;";"Unclassified;";"Unclassified;"
"828397";"183";"Otu1183";"None";"0.965448";"94";"0";"0";"86.3081";"96";"31189";"41784";"986";"408";"408";"none";"Unclassified;";"Unclassified;";"Unclassified;";"Unclassified;";"Unclassified;"
"828397";"184";"Otu1184";"None";"0.414083";"48";"0";"0";"44.2396";"41";"8417";"26811";"418";"386";"386";"none";"Unclassified;";"Unclassified;";"Unclassified;";"Unclassified;";"Unclassified;"
"828397";"185";"Otu1185";"None";"0.540427";"25";"0";"0";"33.3333";"54";"13880";"25317";"541";"366";"366";"none";"Unclassified;";"Unclassified;";"Unclassified;";"Unclassified;";"Unclassified;"
"828397";"186";"Otu1186";"None";"0.97777";"91";"0";"0";"83.2117";"97";"31188";"41784";"986";"404";"404";"none";"Unclassified;";"Unclassified;";"Unclassified;";"Unclassified;";"Unclassified;"
"828397";"187";"Otu1187";"None";"0.98723";"99";"0";"0";"92.804";"98";"31188";"41784";"986";"403";"403";"none";"Unclassified;";"Unclassified;";"Unclassified;";"Bacteria;""Chlamydiae"";Chlamydiia;Chlamydiales;Parachlamydiaceae;Parachlamydia;";"Bacteria;Verrucomicrobiota;Chlamydiae;Chlamydiales;Parachlamydiaceae;"
"828397";"188";"Otu1188";"None";"0.874591";"88";"0";"0";"87.5";"87";"31189";"41784";"986";"405";"405";"none";"Unclassified;";"Unclassified;";"Unclassified;";"Unclassified;";"Unclassified;"
"828397";"189";"Otu1189";"None";"0.948522";"97";"0";"0";"92.5373";"94";"31188";"41784";"986";"401";"401";"none";"Unclassified;";"Unclassified;";"Unclassified;";"Unclassified;";"Unclassified;"
"828397";"190";"Otu1190";"None";"0.960063";"96";"0";"0";"92.1671";"96";"31188";"41784";"986";"381";"381";"none";"Unclassified;";"Unclassified;";"Unclassified;";"Unclassified;";"Unclassified;"
"828397";"191";"Otu1191";"None";"0.876951";"90";"0";"0";"89.6882";"87";"31163";"41784";"976";"411";"411";"none";"Unclassified;";"Unclassified;";"Unclassified;";"Unclassified;";"Unclassified;"
"828397";"192";"Otu1192";"None";"0.976883";"100";"0";"0";"86.7322";"97";"31188";"41784";"986";"404";"404";"none";"Bacteria;environmental samples;";"Unclassified;";"Unclassified;";"Bacteria;""Deinococcus-Thermus"";Deinococci;Deinococcales;Trueperaceae;Truepera;";"Bacteria;Deinococcota;Deinococci;Deinococcales;Trueperaceae;Truepera;"
"828397";"193";"Otu1193";"None";"0.937681";"92";"0";"0";"84.9754";"93";"31188";"41784";"986";"402";"402";"none";"Unclassified;";"Unclassified;";"Unclassified;";"Unclassified;";"Unclassified;"
"828397";"194";"Otu1194";"None";"0.975926";"99";"0";"0";"94.5274";"97";"31188";"41784";"986";"402";"402";"none";"Bacteria;";"Unclassified;";"Unclassified;";"Bacteria;Firmicutes;Clostridia;Clostridiales;Clostridiaceae 1;Clostridium sensu stricto;";"Bacteria;Firmicutes;Clostridia;Clostridiales;Clostridiaceae;Clostridium sensu stricto 1;"
"828397";"195";"Otu1195";"None";"0.920731";"94";"0";"0";"92.3457";"92";"31188";"41784";"986";"402";"402";"none";"Unclassified;";"Unclassified;";"Unclassified;";"Unclassified;";"Unclassified;"
"828397";"196";"Otu1196";"None";"0.980352";"100";"0";"0";"87.715";"98";"31188";"41784";"986";"406";"406";"none";"Unclassified;";"Unclassified;";"Unclassified;";"Unclassified;";"Unclassified;"
"828397";"197";"Otu1197";"None";"0.84155";"92";"0";"0";"89.4865";"84";"31188";"41784";"986";"405";"405";"none";"Unclassified;";"Unclassified;";"Unclassified;";"Unclassified;";"Unclassified;"
"828397";"198";"Otu1198";"None";"0.313663";"26";"0";"0";"47.6082";"31";"5287";"17903";"240";"408";"408";"reversed and complemented";"Unclassified;";"Unclassified;";"Unclassified;";"Unclassified;";"Unclassified;"
"828397";"199";"Otu1199";"None";"0.817444";"93";"0";"0";"88.2353";"81";"31188";"41784";"986";"404";"404";"none";"Unclassified;";"Unclassified;";"Unclassified;";"Unclassified;";"Unclassified;"
"828397";"200";"Otu1200";"None";"0.565182";"36";"0";"0";"58.3333";"56";"2088";"13880";"140";"429";"429";"reversed and complemented";"Unclassified;";"Unclassified;";"Unclassified;";"Unclassified;";"Unclassified;"
"828397";"201";"Otu1201";"None";"0.981345";"98";"0";"0";"95.086";"98";"31188";"41784";"986";"407";"407";"none";"Bacteria;";"Unclassified;";"Unclassified;";"Bacteria;""Bacteroidetes"";Sphingobacteriia;""Sphingobacteriales"";Chitinophagaceae;Flavisolibacter;";"Bacteria;Bacteroidota;Bacteroidia;Chitinophagales;Chitinophagaceae;Flavisolibacter;"
"828397";"202";"Otu1202";"None";"0.946412";"97";"0";"0";"94.5409";"94";"31188";"41784";"986";"403";"403";"none";"Bacteria;environmental samples;";"Unclassified;";"Unclassified;";"Bacteria;Firmicutes;Clostridia;Clostridiales;Clostridiaceae 1;";"Bacteria;Firmicutes;Clostridia;Clostridiales;Clostridiaceae;Clostridium sensu stricto 1;"
"828397";"203";"Otu1203";"None";"0.965476";"102";"0";"0";"86.1728";"96";"31188";"41784";"986";"403";"403";"none";"Bacteria;environmental samples;";"Unclassified;";"Unclassified;";"Bacteria;""Bacteroidetes"";unclassified_""Bacteroidetes"";";"Bacteria;Bacteroidota;Bacteroidia;Chitinophagales;uncultured;"
"828397";"204";"Otu1204";"None";"0.991817";"95";"0";"0";"86.2069";"99";"31188";"41784";"986";"405";"405";"none";"Unclassified;";"Unclassified;";"Unclassified;";"Unclassified;";"Unclassified;"
"828397";"205";"Otu1205";"None";"0.418043";"48";"0";"0";"39.0852";"41";"8187";"26995";"399";"432";"432";"reversed and complemented";"Unclassified;";"Unclassified;";"Unclassified;";"Unclassified;";"Unclassified;"
"828397";"206";"Otu1206";"None";"0.937148";"92";"0";"0";"89.0244";"93";"31188";"41784";"986";"408";"408";"none";"Unclassified;";"Unclassified;";"Unclassified;";"Unclassified;";"Unclassified;"
"828397";"207";"Otu1207";"None";"0.979954";"95";"0";"0";"88.6139";"97";"31188";"41784";"986";"403";"403";"none";"Unclassified;";"Unclassified;";"Unclassified;";"Unclassified;";"Unclassified;"
"828397";"208";"Otu1208";"None";"0.991007";"93";"0";"0";"92.8934";"99";"31188";"41784";"986";"405";"405";"none";"Bacteria;environmental samples;";"Unclassified;";"Unclassified;";"Bacteria;Firmicutes;Clostridia;Clostridiales;";"Bacteria;Firmicutes;Clostridia;"
"828397";"209";"Otu1209";"None";"0.986165";"95";"0";"0";"85.1581";"98";"31188";"41784";"986";"407";"407";"none";"Unclassified;";"Unclassified;";"Unclassified;";"Unclassified;";"Unclassified;"
"828397";"210";"Otu1210";"None";"0.996449";"99";"0";"0";"99.0148";"99";"31188";"41784";"986";"405";"405";"none";"Bacteria;";"Unclassified;";"Unclassified;";"Bacteria;""Proteobacteria"";Gammaproteobacteria;Legionellales;Coxiellaceae;Diplorickettsia;";"Bacteria;Proteobacteria;Gammaproteobacteria;Diplorickettsiales;Diplorickettsiaceae;Rickettsiella;"
"828397";"211";"Otu1211";"None";"0.862086";"87";"0";"0";"90";"86";"31186";"41784";"984";"407";"407";"none";"Unclassified;";"Unclassified;";"Unclassified;";"Unclassified;";"Unclassified;"
"828397";"212";"Otu1212";"None";"0.554193";"42";"0";"0";"40.568";"55";"9875";"28425";"441";"423";"423";"complemented";"Unclassified;";"Unclassified;";"Unclassified;";"Unclassified;";"Unclassified;"
"828397";"213";"Otu1213";"None";"0.940683";"96";"0";"0";"92.8922";"94";"31188";"41784";"986";"407";"407";"none";"Unclassified;";"Unclassified;";"Unclassified;";"Unclassified;";"Unclassified;"
"828397";"214";"Otu1214";"None";"0.382792";"34";"0";"0";"43.1734";"38";"5270";"23438";"232";"454";"454";"none";"Unclassified;";"Unclassified;";"Unclassified;";"Unclassified;";"Unclassified;"
"828397";"215";"Otu1215";"None";"0.995177";"85";"0";"0";"99.5305";"99";"6427";"23446";"358";"426";"426";"none";"Bacteria;environmental samples;";"Unclassified;";"Unclassified;";"Bacteria;""Bacteroidetes"";""Bacteroidia"";""Bacteroidales"";""Porphyromonadaceae"";Porphyromonas;";"Bacteria;Bacteroidota;Bacteroidia;Bacteroidales;Porphyromonadaceae;Porphyromonas;"
"828397";"216";"Otu1216";"None";"0.982416";"92";"0";"0";"89.5631";"98";"31188";"41784";"986";"408";"408";"none";"Unclassified;";"Unclassified;";"Unclassified;";"Unclassified;";"Unclassified;"
"828397";"217";"Otu1217";"None";"0.9347";"95";"0";"0";"92.8218";"93";"31188";"41784";"986";"403";"403";"none";"Bacteria;environmental samples;";"Unclassified;";"Unclassified;";"Bacteria;Firmicutes;Clostridia;Clostridiales;Clostridiaceae 1;Clostridium sensu stricto;";"Bacteria;Firmicutes;Clostridia;Clostridiales;Clostridiaceae;Clostridium sensu stricto 1;"
"828397";"218";"Otu1218";"None";"0.985158";"100";"0";"0";"91.6049";"98";"31188";"41784";"986";"404";"404";"none";"Unclassified;";"Unclassified;";"Unclassified;";"Unclassified;";"Unclassified;"
"828397";"219";"Otu1219";"None";"0.973888";"100";"0";"0";"96.2871";"97";"31188";"41784";"986";"404";"404";"none";"Bacteria;";"Unclassified;";"Bacteria;Proteobacteria;Alphaproteobacteria;Rhizobiales;Hyphomicrobiaceae;Hyphomicrobium;";"Bacteria;""Proteobacteria"";Alphaproteobacteria;Rhizobiales;Hyphomicrobiaceae;Hyphomicrobium;";"Bacteria;Proteobacteria;Alphaproteobacteria;Rhizobiales;Hyphomicrobiaceae;Hyphomicrobium;"
"828397";"220";"Otu1220";"None";"0.892281";"93";"0";"0";"92.5641";"89";"31188";"41784";"986";"407";"407";"none";"Unclassified;";"Unclassified;";"Unclassified;";"Unclassified;";"Unclassified;"
"828397";"221";"Otu1221";"None";"0.878013";"96";"0";"0";"88.4521";"87";"31188";"41784";"986";"405";"405";"none";"Unclassified;";"Unclassified;";"Unclassified;";"Unclassified;";"Unclassified;"
"828397";"222";"Otu1222";"None";"0.988228";"101";"0";"0";"86.9136";"98";"31188";"41784";"986";"404";"404";"none";"Unclassified;";"Unclassified;";"Unclassified;";"Unclassified;";"Unclassified;"
"828397";"223";"Otu1223";"None";"0.925716";"93";"0";"0";"94.5946";"92";"31188";"41784";"986";"405";"405";"none";"Bacteria;";"Unclassified;";"Unclassified;";"Bacteria;Firmicutes;Bacilli;Bacillales;Staphylococcaceae;Staphylococcus;";"Bacteria;Firmicutes;Bacilli;Staphylococcales;Staphylococcaceae;Staphylococcus;"
"828397";"224";"Otu1224";"None";"0.976726";"100";"0";"0";"95.7921";"97";"31188";"41784";"986";"404";"404";"none";"Unclassified;";"Unclassified;";"Unclassified;";"Bacteria;""Proteobacteria"";Gammaproteobacteria;";"Bacteria;Proteobacteria;Gammaproteobacteria;"
"828397";"225";"Otu1225";"None";"0.912567";"90";"0";"0";"90.0498";"91";"31188";"41784";"986";"399";"399";"none";"Unclassified;";"Unclassified;";"Unclassified;";"Unclassified;";"Unclassified;"
"828397";"226";"Otu1226";"None";"0.385576";"37";"0";"0";"44.47";"38";"14284";"31143";"544";"389";"389";"none";"Unclassified;";"Unclassified;";"Unclassified;";"Unclassified;";"Unclassified;"
"828397";"227";"Otu1227";"None";"0.987552";"100";"0";"0";"94.802";"98";"31188";"41784";"986";"404";"404";"none";"Bacteria;";"Unclassified;";"Unclassified;";"Bacteria;""Actinobacteria"";Actinobacteria;Actinobacteridae;Actinomycetales;Frankineae;";"Bacteria;Actinobacteriota;Actinobacteria;Frankiales;"
"828397";"228";"Otu1228";"None";"0.990129";"97";"0";"0";"95.098";"99";"31188";"41784";"986";"408";"408";"none";"Bacteria;";"Unclassified;";"Unclassified;";"Bacteria;Firmicutes;Negativicutes;Selenomonadales;Veillonellaceae;";"Bacteria;Firmicutes;Negativicutes;Veillonellales-Selenomonadales;Sporomusaceae;Pelosinus;"
"828397";"229";"Otu1229";"None";"0.988194";"97";"0";"0";"89.8765";"98";"31188";"41784";"986";"404";"404";"none";"Unclassified;";"Unclassified;";"Unclassified;";"Unclassified;";"Unclassified;"
"828397";"230";"Otu1230";"None";"0.899707";"89";"0";"0";"88.1643";"89";"31186";"41784";"984";"408";"408";"none";"Unclassified;";"Unclassified;";"Unclassified;";"Unclassified;";"Unclassified;"
"828397";"231";"Otu1231";"None";"0.96457";"90";"0";"0";"88.0196";"96";"31188";"41784";"986";"407";"407";"reversed and complemented";"Unclassified;";"Unclassified;";"Unclassified;";"Unclassified;";"Unclassified;"
"828397";"232";"Otu1232";"None";"0.878283";"94";"0";"0";"87.6289";"87";"31188";"41784";"986";"387";"387";"none";"Unclassified;";"Unclassified;";"Unclassified;";"Unclassified;";"Unclassified;"
"828397";"233";"Otu1233";"None";"0.973647";"94";"0";"0";"90.099";"97";"31188";"41784";"986";"404";"404";"none";"Unclassified;";"Unclassified;";"Unclassified;";"Unclassified;";"Unclassified;"
"828397";"234";"Otu1234";"None";"0.949071";"90";"0";"0";"83.2117";"94";"31188";"41784";"986";"404";"404";"none";"Unclassified;";"Unclassified;";"Unclassified;";"Unclassified;";"Unclassified;"
"828397";"235";"Otu1235";"None";"0.997606";"89";"0";"0";"88.1773";"99";"31188";"41784";"986";"406";"406";"none";"Unclassified;";"Unclassified;";"Unclassified;";"Unclassified;";"Unclassified;"
"828397";"236";"Otu1236";"None";"0.996531";"101";"0";"0";"95.0617";"99";"31188";"41784";"986";"405";"405";"none";"Unclassified;";"Unclassified;";"Unclassified;";"Bacteria;""Proteobacteria"";Alphaproteobacteria;Rhizobiales;";"Bacteria;Proteobacteria;Alphaproteobacteria;Rhizobiales;"
"828397";"237";"Otu1237";"None";"0.824083";"100";"0";"0";"84.9148";"82";"31188";"41784";"986";"409";"409";"none";"Bacteria;";"Unclassified;";"Unclassified;";"Bacteria;""Proteobacteria"";Alphaproteobacteria;unclassified_Alphaproteobacteria;";"Bacteria;Proteobacteria;Alphaproteobacteria;Paracaedibacterales;Paracaedibacteraceae;uncultured;"
"828397";"238";"Otu1238";"None";"0.95232";"99";"0";"0";"91.6049";"95";"31188";"41784";"986";"404";"404";"none";"Unclassified;";"Unclassified;";"Unclassified;";"Unclassified;";"Unclassified;"
"828397";"239";"Otu1239";"None";"0.977367";"92";"0";"0";"88.25";"97";"31188";"41784";"986";"396";"396";"none";"Unclassified;";"Unclassified;";"Unclassified;";"Unclassified;";"Unclassified;"
"828397";"240";"Otu1240";"None";"0.973357";"99";"0";"0";"90.8867";"97";"31188";"41784";"986";"405";"405";"none";"Unclassified;";"Unclassified;";"Unclassified;";"Unclassified;";"Unclassified;"
"828397";"241";"Otu1241";"None";"0.904981";"93";"0";"0";"91.8919";"90";"31188";"41784";"986";"407";"407";"none";"Unclassified;";"Unclassified;";"Unclassified;";"Unclassified;";"Unclassified;"
"828397";"242";"Otu1242";"None";"0.95371";"92";"0";"0";"91.906";"95";"31188";"41784";"986";"381";"381";"none";"Unclassified;";"Unclassified;";"Unclassified;";"Unclassified;";"Unclassified;"
"828397";"243";"Otu1243";"None";"0.221049";"24";"0";"0";"52.0642";"22";"34464";"43009";"1083";"398";"398";"reversed";"Unclassified;";"Unclassified;";"Unclassified;";"Unclassified;";"Unclassified;"
"828397";"244";"Otu1244";"None";"0.891322";"90";"0";"0";"88.7019";"89";"31160";"41784";"975";"408";"408";"none";"Unclassified;";"Unclassified;";"Unclassified;";"Unclassified;";"Unclassified;"
"828397";"245";"Otu1245";"None";"0.989901";"96";"0";"0";"88.67";"98";"31188";"41784";"986";"402";"402";"none";"Unclassified;";"Unclassified;";"Unclassified;";"Unclassified;";"Unclassified;"
"828397";"246";"Otu1246";"None";"0.988243";"83";"0";"0";"98.3607";"98";"6427";"23446";"358";"425";"425";"none";"Unclassified;";"d__Bacteria;p__Bacteroidota;c__Bacteroidia;o__Bacteroidales;f__Bacteroidaceae;g__Alloprevotella;s__Alloprevotella tannerae;";"Bacteria;Bacteroidetes;Bacteroidia;Bacteroidales;Prevotellaceae;Alloprevotella;";"Bacteria;""Bacteroidetes"";""Bacteroidia"";""Bacteroidales"";""Prevotellaceae"";Alloprevotella;";"Bacteria;Bacteroidota;Bacteroidia;Bacteroidales;Prevotellaceae;Alloprevotella;"
"828397";"247";"Otu1247";"None";"0.87829";"97";"0";"0";"92.629";"87";"31188";"41784";"986";"404";"404";"none";"Unclassified;";"Unclassified;";"Unclassified;";"Unclassified;";"Unclassified;"
"828397";"248";"Otu1248";"None";"0.969161";"98";"0";"0";"98.25";"96";"31188";"41784";"986";"399";"399";"none";"Bacteria;";"Unclassified;";"Bacteria;Bacteroidetes;Flavobacteriia;Flavobacteriales;Flavobacteriaceae;Chryseobacterium;";"Bacteria;""Bacteroidetes"";Flavobacteriia;""Flavobacteriales"";Flavobacteriaceae;Chryseobacterium;";"Bacteria;Bacteroidota;Bacteroidia;Flavobacteriales;Weeksellaceae;Chryseobacterium;"
"828397";"249";"Otu1249";"None";"0.934411";"90";"0";"0";"83.455";"93";"31188";"41784";"986";"410";"410";"none";"Unclassified;";"Unclassified;";"Unclassified;";"Unclassified;";"Unclassified;"
"828397";"250";"Otu1250";"None";"0.930543";"95";"0";"0";"94.8148";"93";"31188";"41784";"986";"405";"405";"none";"Bacteria;Proteobacteria;Gammaproteobacteria;Enterobacterales;";"Unclassified;";"Bacteria;Proteobacteria;Gammaproteobacteria;Enterobacteriales;Pectobacteriaceae;Pectobacterium;";"Bacteria;""Proteobacteria"";Gammaproteobacteria;""Enterobacteriales"";Enterobacteriaceae;";"Bacteria;Proteobacteria;Gammaproteobacteria;Enterobacterales;"
"828397";"251";"Otu1251";"None";"0.970012";"99";"0";"0";"95.3086";"97";"31188";"41784";"986";"405";"405";"none";"Bacteria;Proteobacteria;Gammaproteobacteria;Legionellales;Legionellaceae;Legionella;";"Unclassified;";"Unclassified;";"Bacteria;""Proteobacteria"";Gammaproteobacteria;Legionellales;Legionellaceae;Legionella;";"Bacteria;Proteobacteria;Gammaproteobacteria;Legionellales;Legionellaceae;Legionella;"
"828397";"252";"Otu1252";"None";"0.979637";"95";"0";"0";"88.862";"97";"31188";"41784";"986";"413";"413";"none";"Unclassified;";"Unclassified;";"Unclassified;";"Bacteria;""Verrucomicrobia"";Spartobacteria;unclassified_Spartobacteria;";"Bacteria;Verrucomicrobiota;Verrucomicrobiae;Chthoniobacterales;Xiphinematobacteraceae;Candidatus Xiphinematobacter;"
"828397";"253";"Otu1253";"None";"0.51887";"28";"0";"0";"38.9328";"51";"3998";"21307";"191";"455";"455";"reversed";"Unclassified;";"Unclassified;";"Unclassified;";"Unclassified;";"Unclassified;"
"828397";"254";"Otu1254";"None";"0.987908";"92";"0";"0";"92.1182";"98";"31188";"41784";"986";"404";"404";"none";"Bacteria;environmental samples;";"Unclassified;";"Unclassified;";"Unclassified;";"Bacteria;Firmicutes;Clostridia;Lachnospirales;Lachnospiraceae;uncultured;"
"828397";"255";"Otu1255";"None";"0.987296";"92";"0";"0";"87.9012";"98";"31188";"41784";"986";"403";"403";"none";"Unclassified;";"Unclassified;";"Unclassified;";"Unclassified;";"Unclassified;"
"828397";"256";"Otu1256";"None";"0";"101";"0";"0";"100";"100";"31188";"41784";"986";"401";"401";"none";"Bacteria;Actinobacteria;Coriobacteriia;Coriobacteriales;";"Unclassified;";"Bacteria;Coriobacteriia;Coriobacteriales;Atopobacteriaceae;Atopobium;";"Bacteria;""Actinobacteria"";Actinobacteria;Coriobacteridae;Coriobacteriales;""Coriobacterineae"";Coriobacteriaceae;Atopobium;";"Bacteria;Actinobacteriota;Coriobacteriia;Coriobacteriales;Atopobiaceae;Atopobium;"
"828397";"257";"Otu1257";"None";"0.973777";"95";"0";"0";"88.25";"97";"31188";"41784";"986";"398";"398";"none";"Unclassified;";"Unclassified;";"Unclassified;";"Unclassified;";"Unclassified;"
"828397";"258";"Otu1258";"None";"0.569959";"28";"0";"0";"35.4962";"56";"2088";"15639";"140";"473";"473";"reversed and complemented";"Unclassified;";"Unclassified;";"Unclassified;";"Unclassified;";"Unclassified;"
"828397";"259";"Otu1259";"None";"0.996631";"100";"0";"0";"99.5";"99";"31188";"41784";"986";"400";"400";"none";"Bacteria;";"d__Bacteria;p__Proteobacteria;c__Gammaproteobacteria;o__Burkholderiales;f__Burkholderiaceae;g__Paraburkholderia_B;s__Paraburkholderia_B nodosa_A;";"Unclassified;";"Bacteria;""Proteobacteria"";Betaproteobacteria;Burkholderiales;Burkholderiaceae;Burkholderia;";"Bacteria;Proteobacteria;Gammaproteobacteria;Burkholderiales;Burkholderiaceae;Burkholderia-Caballeronia-Paraburkholderia;"
"828397";"260";"Otu1260";"None";"0.994643";"93";"0";"0";"93.8619";"99";"31186";"41784";"984";"389";"389";"none";"Bacteria;environmental samples;";"Unclassified;";"Unclassified;";"Bacteria;Candidatus Saccharibacteria;Saccharibacteria_genera_incertae_sedis;";"Bacteria;Patescibacteria;Saccharimonadia;Saccharimonadales;"
"828397";"261";"Otu1261";"None";"0.941648";"91";"0";"0";"87.5";"94";"31188";"41784";"986";"406";"406";"none";"Unclassified;";"Unclassified;";"Unclassified;";"Unclassified;";"Unclassified;"
"828397";"262";"Otu1262";"None";"0.515594";"36";"0";"0";"40.8915";"51";"2510";"16428";"143";"477";"477";"none";"Unclassified;";"Unclassified;";"Unclassified;";"Unclassified;";"Unclassified;"
"828397";"263";"Otu1263";"None";"0.99267";"101";"0";"0";"94.7891";"99";"31188";"41784";"986";"402";"402";"none";"Unclassified;";"Unclassified;";"Bacteria;Actinobacteria;Actinobacteria;Rubrobacteridae;Solirubrobacterales;Patulibacteraceae;Patulibacter;";"Bacteria;""Actinobacteria"";Actinobacteria;Rubrobacteridae;Solirubrobacterales;";"Bacteria;Actinobacteriota;Thermoleophilia;Solirubrobacterales;Solirubrobacteraceae;"
"828397";"264";"Otu1264";"None";"0.982874";"92";"0";"0";"89.6296";"98";"31188";"41784";"986";"403";"403";"none";"Unclassified;";"Unclassified;";"Unclassified;";"Unclassified;";"Unclassified;"
"828397";"265";"Otu1265";"None";"0.913011";"94";"0";"0";"88.7255";"91";"31188";"41784";"986";"405";"405";"none";"Unclassified;";"Unclassified;";"Unclassified;";"Unclassified;";"Unclassified;"
"828397";"266";"Otu1266";"None";"0.941795";"97";"0";"0";"88.1773";"94";"31188";"41784";"986";"405";"405";"none";"Unclassified;";"Unclassified;";"Unclassified;";"Unclassified;";"Unclassified;"
